,name,pow_received_kinetic,pow_received_magnetic,freq_max_planet,pow_received_spi,freq_max_star
1411,PPL 15 b,0.0008061043542146377,8613577963.526709,159.9772173768673,758600288.3727652,18164.720675489494
1854,YZ Cet b,0.18255002097925033,7057625912.129219,6.069413143202823,95988743.97116913,4462.569849205639
1831,WD 0137-349 b,0.40262345059120525,6880908088.321722,869.3350494157261,120009533807.28223,498.4449470982993
140,GJ 1214 b,0.15178234972516663,3689267794.1837177,9.14211351279859,367862916.07466066,916.855259927704
1855,YZ Cet c,0.21077528484138652,3197725781.0987525,5.035902070313193,36085561.51607483,4462.569849205639
135,GJ 1061 b,0.07120622761278683,1416206326.944183,7.727572396713993,127371297.80019902,859.2074595418374
1639,TRAPPIST-1 b,0.007100529125776831,1099755838.2869778,5.768360403321838,52123679.62694882,1217.0645043288107
1640,TRAPPIST-1 c,0.005018148153254381,244056373.28212547,5.405434046544338,10839447.085369295,1217.0645043288107
1445,SN2003aw b,1579379.192863429,165629570.95462173,838.3734544384682,14855030917.663275,93.4763692704791
243,GJ 724 b,0.31434309223937906,103275569.91249603,7.002933462732653,11501475.545631241,628.8166605698856
219,GJ 486 b,0.12512409102828195,94373288.68048939,10.054960569988445,19491976.25038309,486.8258017315242
1249,Kepler-42 c,0.0023015611187562936,72941772.75816457,36.71646075521011,39447695.20842023,678.9151362939301
201,GJ 3779 b,0.07978461808999798,71379842.20159414,5.22700842769557,4180360.7491065594,892.5139698411278
1391,NLTT 41135 b,0.33650866753711856,50509181.61581463,33.978690901588045,50357209.6051685,340.8123450986034
138,GJ 1132 b,0.02816408818683837,40667408.68087418,7.353249105842416,5944451.007559056,503.0533284559084
1442,SDSS J1240-0159 b,970.9343170558186,36193554.74714496,814.462451993577,2641252175.409615,111.60725817916972
1585,TOI-4481 b,0.16423291042537616,35428160.341551095,10.478671263947282,10765731.645140907,344.834942893163
1622,TOI-732 b,0.09129098788505928,34729668.931568235,14.42931725693155,8823198.467520108,567.9634353534449
70,CD Cet b,0.234660227169526,29130119.1901324,6.469013586906887,3716019.379264173,507.1102101370045
1330,LHS 1478 b,0.013172417624464729,27013793.791882787,7.345662504179738,2508358.449580853,791.0919278137269
1609,TOI-6008 b,0.010978342332455301,24325184.561440147,11.479257089485007,7201565.571861326,387.74214376523645
223,GJ 581 e,0.03190075242024382,22814666.610428486,5.622928171556748,3162163.496318557,405.6881681096035
200,GJ 367  b,0.9771807221607988,22440673.14863594,38.17342541472647,48185168.13985743,177.7802995746159
1558,TOI-2445 b,0.02109254852137598,20693441.006499868,21.361064745728772,17186234.89586581,257.20231093669895
129,G 264-012 b,0.02007713388934925,19955389.648028668,6.288741832131636,1438775.9737182832,872.2295614356477
1329,LHS 1140 c,0.026967158693559527,19342304.968729626,5.013224240859044,1905551.7017216925,508.86739024563
1346,LP 890-9 b,0.0010498894156327305,19186305.757282335,12.80418911174364,1948707.302544925,1260.6566771271969
1836,WISE J0720-0846,0.06047046549940659,19175213.921569787,274.33397228370745,8216017.703594946,6402.6305617530215
1316,L 363-38 b,0.5564343391505493,17064530.50607547,6.377326450238716,3448220.5478572096,315.6006996853123
141,GJ 1252 b,0.1010945520279478,14851435.889262283,16.018561002941016,11583724.945979137,205.3731704463453
1511,TOI-1685 b,0.4668052467717169,14253823.437956948,12.73680494320819,2418955.074969273,750.5231110027664
71,CFHTWIR-Oph 98 b,0.00014674752267786605,12488085.431794792,38.55787757907999,877.3489997042318,5488284.245363726
192,GJ 3473 b,0.013927254473597366,10924886.14115334,8.98603916880659,1861442.1028880472,527.3946185424846
1356,LTT 1445A c,0.08490820604431219,10870497.988035608,5.748406201087556,2476024.5643838514,252.37244792393076
1313,KL Dra b,15031.247417700895,10157424.217501657,1421.722999447601,1211684838.9088855,119.18151619502167
1331,LHS 1610 b,0.2558705977887791,9513806.478953162,52.138329466300206,12486437.943402046,397.2581923897604
253,GJ 876 d,5.457729577335542,7422123.047216453,7.091563543707276,5189646.763800088,101.42204202740088
1595,TOI-4860 b,0.05181000628873582,6334195.876032909,10.558114974101567,2969240.5848077545,225.23324202765968
1599,TOI-5205 b,0.0969357244742414,6318903.197108992,7.909253554637946,2418293.612727013,206.665589778362
1336,LHS 2397a B,0.05106841375042954,6250341.640744583,188.17284796592352,586793.1416252581,20043.59805640041
1248,Kepler-42 b,0.0012359176494254314,6110603.157702885,18.747289197660674,1687357.3506541764,678.9151362939301
133,GD 552 b,150.30511262871585,5820921.257756756,702.4543673509255,1274480213.4378808,32.08313096118831
706,HD 260655 b,0.07139957839127072,4141113.4381262744,5.382602572777216,578353.6689764762,385.40375970412344
1565,TOI-263 b,0.01664989730569326,3011829.449371089,238.3241828036581,27950988.559269782,256.8037229678967
1611,TOI-6086 b,0.005317930139633696,2623995.3327400344,8.264568203187238,719917.197024491,301.2317038946531
1508,TOI-1634 b,0.04786615921082822,2031686.358614782,15.005134861832127,1933046.2961401944,157.70821355304187
1406,Oph 11 b,7.858297936591236e-08,1834720.1475566572,178.9614084191592,1745.3264038253415,1881276.1953414252
1323,Lalande 21185 d,2.6574912772550165,1437506.7665987117,51.344902148437235,742589.4965810956,993.9360118685287
199,GJ 3634 b,0.07180803451171426,1130102.3329155322,5.334888749348657,367783.0063169416,163.92737342214784
217,GJ 436 b,0.5758763064071755,1047368.6704246695,5.93639143654345,1532603.3379245906,40.56881681096035
1250,Kepler-42 d,0.0006003740183466763,1043273.519932819,10.495521682860884,161282.30561159455,678.9151362939301
1584,TOI-4479 b,0.012677158239746153,798483.3618101123,7.828707062134681,316003.6701501677,197.81708011901551
1566,TOI-269 b,0.013610435099344693,735209.6035226502,6.301630291441653,238533.48121798979,194.22929999009827
1500,TOI-1468 b,0.01021234379759387,668319.295138609,8.487418727404277,276668.82443292794,205.0214986481131
1513,TOI-1696 b,0.005569560100787088,621295.6828089938,10.872900446997303,220994.846563421,305.67618260694485
1347,LP 890-9 c,0.0007037817470766541,590366.1575883564,6.8752099140828715,32196.64269609028,1260.6566771271969
1608,TOI-5720 b,0.00532641622423879,548958.8884486225,7.622286624678043,179813.91079044243,232.7029079411175
34,AL Com b,4.740330023105273,450710.9252260955,879.5562980517135,100438889.9992252,39.4693363184704
768,HD 41004 B b,3.217125791192135,385662.50684339734,56.26857144927885,4195216.89533173,51.72719042434577
1322,Lalande 21185 c,0.5370123289412027,321720.31542616314,86.48997295616407,279953.4481937858,993.9360118685287
988,K2-137 b,0.012313705808830826,233865.030547599,487.7166549048801,6328062.202273835,180.2445468328645
1314,L 168-9 b,0.044241327659610766,195567.32606103146,9.955180302021757,217758.95871458482,89.40656235749391
274,GW Lib b,2955.1434409615404,195355.0991495971,946.5836805507731,235311681.34313866,7.858511218477546
207,GJ 3998 b,0.026275570427481482,182688.8359341748,5.543238126513256,73225.45783923534,138.29721937170723
997,K2-146 b,0.0025480916314562893,131337.60991372194,5.646371415199208,32230.139923970033,230.08926678779298
576,HD 189733 b,539.6148462084868,129364.2924320902,4.99848305119069,98388.71421254841,65.72148323375578
1557,TOI-2427 b,0.05695313461418855,113410.45489337934,8.564576769746017,148836.79040803306,65.26024545163406
120,EG Cnc b,12.764573898053799,107780.46548475903,917.8454152747769,50649304.306246236,19.531523178131312
169,GJ 273 d,0.11991633697594528,107403.92913433064,8.21405854072635,9884.687424785703,892.5139698411278
170,GJ 273 e,0.09811486700954154,89175.72206682325,7.265402731210269,7259.242505495738,892.5139698411278
1630,TOI-833 b,0.016557023008060785,78545.94714851883,10.27210323975093,95602.20927515108,84.3947105711204
119,EF Eri b,2269.6052315315014,67762.92848484695,1028.446289386819,119583213.14506236,5.827785566665282
1393,NSV 1440 b,773392368.998583,64919.28530088074,1172.7516754416845,12328571.015205394,61.75427834351995
225,GJ 649 b,0.14018301282645532,63516.72056058376,9.359892612377449,5427.537428724063,1095.3580538959295
1556,TOI-2411 b,0.029483128236902294,52467.47780098305,13.904917856125056,119258.6588745374,61.1742556746544
128,EZ Lyn b,598.1340223621918,51670.69280952819,1103.7999474597502,76630695.81213427,7.442723494014642
1038,K2-266 Ab,0.12090012580777747,51460.05541812895,11.680451569813425,177095.3321507086,33.94085421629591
1192,Kepler-1971 b,0.0005638483537125714,49685.01027545485,24.511173833793748,55741.29092432604,218.48039462323007
264,GJ 9827 b,0.04057760889635072,48423.3078972916,13.001494463445498,127307.56399587322,49.45310001758902
1564,TOI-260 b,0.035066162236245875,46396.58257269122,9.387713364580229,58495.60261593179,74.4599249875709
970,HS Psc b,127.7134108690258,42582.23947432894,6.839547896924772,27677.819969491055,105.22623052105537
241,GJ 687 c,0.16534242965090457,37293.41755085633,9.265718799181505,5323.521044760583,649.1010689753656
1577,TOI-4184 b,0.0005439268816553352,35820.92737268779,58.25813011756174,77048.03121707482,270.8518588788158
1020,K2-22 b,0.008151395442568824,30960.236662965388,193.3092339984273,631850.3832690122,94.72020263347338
1439,SDSS 1604+1000 b,0.0003189070511025337,29629.338221627557,644.2399122081355,752000.408077734,253.83499862028438
1446,SSS J1222-3115 b,22.584920324493236,28107.944215878695,567.860288953048,27388422.48349625,5.827785566665282
66,BW Scl b,1307421.9287727694,27401.494654433318,1259.9330856288313,32963100.592787057,10.473544384461396
1655,TYC 2187-512-1 b,0.06104670677825452,26700.637282028158,5.5962962133596745,1416.6306410999844,1054.7892370849693
1490,TOI-1411 b,0.018073819148704883,26614.333371333363,7.613453893490735,32739.076385966044,61.891483327091265
1441,SDSS J1057+2759 b,21.690928880422405,25662.757927502647,949.2096202124768,24521099.841969013,9.934031043859369
42,BD-06 1339 e,0.07942576883523496,19833.83046952067,5.376530871691692,25669.224778810127,41.54282131313368
1601,TOI-532 b,0.007470534326845451,19480.741482552898,5.538097931295639,16322.547592431829,66.09645552796812
943,HIP 57050 c,0.10720964383808376,18552.14348326682,7.059256047330318,2690.168241070665,486.8258017315242
1578,TOI-4201 b,0.02079746703246995,16504.787444211917,7.571672132997996,15862.250783872303,78.78379988762677
1426,Qatar-9 b,0.02241306661555217,14942.394787640043,9.33407887292633,42444.074327932205,32.860533232656394
1444,SDSS J1507+5230 b,5104.292873818302,13026.747519069486,1102.091338186633,24634855.626175225,5.827785566665282
1419,Qatar-2 b,0.09993600491429161,12557.335567352799,12.537849205906195,69979.51816154078,22.498294344924286
210,GJ 414 A c,0.012873621909972573,11923.25428488121,5.452300599192432,971.1768282775981,669.3854773808458
1440,SDSS J1035+0551 b,429.00285073860255,10383.187811984548,1136.9386604344243,23837540.45866925,4.95229265052112
1476,TOI-1235 b,0.6928318013989561,10137.043552800158,5.25462312227483,1250.4641467727101,425.97257651508374
